vehicle_type,carry_standard_size,min_standard_size,cost_to_use
7.7,65,36,1.0
8.8,119,69,1.6600000000000001
10.6,136,86,1.7800000000000002
11.3,137,79,1.7900000000000003
