vehicle_type,carry_standard_size,min_standard_size,cost_to_use
6.6,53,40,1.0
8.0,98,58,1.6800000000000002
8.5,100,68,1.7000000000000002
