vehicle_type,carry_standard_size,min_standard_size,cost_to_use
8.4,76,45,1.0
10.7,119,77,1.45
12.7,171,86,1.7999999999999998
19.1,199,141,1.9299999999999997
