vehicle_type,carry_standard_size,min_standard_size,cost_to_use
8.5,88,63,1.0
9.6,128,81,1.3599999999999999
16.1,155,101,1.5299999999999998
