vehicle_type,carry_standard_size,min_standard_size,cost_to_use
5.2,46,30,1.0
13.9,67,49,1.37
16.1,95,59,1.7000000000000002
19.5,116,86,1.8800000000000001
