vehicle_type,carry_standard_size,min_standard_size,cost_to_use
5.9,47,32,1.0
11.9,86,63,1.6600000000000001
18.5,116,83,1.9400000000000002
19.9,150,77,2.1700000000000004
